"Prénom","Nom","Email"
"Anne-Marie","Pinsolle","annemariepinsolle@sfr.fr"
"Karine","Moutier","karine0805@live.fr"
"samuel","deb","gsvlad@hotmail.com"
"HELENE","POULAIN","helene.poulain@citae.fr"
"Jean-Yves","Prodel","jy.prodel@jyp-conseils.fr"
"PATRICK","VRIGNON","patrick.vrignon@btp-consultants.fr"
"Jean François","Trochon","jftrochon@beguinage.fr"
"David","Makusa","davmakusa@msn.com"
"Julien","Milleville","carterslade59242@gmail.com"
"Herve","FERRO","herveferro@yahoo.com"
